No,제목,회사,지역,Link
1,[유통사업부] 온라인MD 채용,주식회사 콘크리트파머스,서울 금천구,https://job.incruit.com/jobdb_info/jobpost.asp?job=2602090003544&src=etc*search
2,"EJPack은진  해외영업, 품질관리 신입 및 경력직원 모집",은진,경기 화성시 외,https://job.incruit.com/jobdb_info/jobpost.asp?job=2603040000151&src=etc*search
3,"부동산 경매, 공매 (국내, 해외)영업 신입, 경력직 채용",(주)와우리츠,서울 강남구 외,https://job.incruit.com/jobdb_info/jobpost.asp?job=2508040001128&src=etc*search
4,현대자동차 한양대리점에서 카마스터를 모집합니다.,한양판매대리점,서울 성동구 외,https://job.incruit.com/jobdb_info/jobpost.asp?job=2603040000922&src=etc*search
5,"종합금융세일즈 영업관리, 법인영업관리자 채용[KB라이프파트너스]",케이비라이프파트너스,울산 외,https://job.incruit.com/jobdb_info/jobpost.asp?job=2603100002243&src=etc*search
6,[브랜드2본부] BM 채용,주식회사 콘크리트파머스,서울 금천구,https://job.incruit.com/jobdb_info/jobpost.asp?job=2602250003283&src=etc*search
7,[안산] 외국계 자동차부품회사 사업장 생산 팀원 모집,(주)월드와이드써비스코리아,경기 안산시 단원구,https://job.incruit.com/jobdb_info/jobpost.asp?job=2603100002419&src=etc*search
8,청소·미화 신입/경력  채용,(주)비전솔루션,충북 청주시 흥덕구 외,https://job.incruit.com/jobdb_info/jobpost.asp?job=2603230000977&src=etc*search
9,하랑부동산 신입/경력 중개사 모집,하랑부동산중개사사무소,서울 관악구 외,https://job.incruit.com/jobdb_info/jobpost.asp?job=2603170001159&src=etc*search
10,2026년 동서석유화학 경력사원 채용,동서석유화학(주),울산 남구 외,https://job.incruit.com/jobdb_info/jobpost.asp?job=2603240001273&src=etc*search
11,[DB그룹] DB월드 건설현장 건축/기계 채용,주식회사 디비월드(DB WORLD),서울 강남구,https://job.incruit.com/jobdb_info/jobpost.asp?job=2602240001151&src=etc*search
12,[신도림역]  해외유명 온라인 쇼핑몰 T사 CS업무 (전화상담),(주)비전솔루션,서울 구로구 외,https://job.incruit.com/jobdb_info/jobpost.asp?job=2603250003215&src=etc*search
13,[ 을지로3가역 / 평일 ] 국민카드 을지로센터 인바운드 CS업무 ( 단순 업무 ) 대면/화상 면접 선택,(주)비전솔루션,인천 외,https://job.incruit.com/jobdb_info/jobpost.asp?job=2602090001153&src=etc*search
14,[신도림역/역과 연결됨] 글로벌 OTT 고객센터 채팅/인바운드  CS업무,(주)비전솔루션,서울 구로구 외,https://job.incruit.com/jobdb_info/jobpost.asp?job=2603100001184&src=etc*search
15,[콘텐츠 PD] VDOT 유튜브 콘텐츠 PD 경력직(2~3년차) 채용,(주)브이닷,서울 강남구,https://job.incruit.com/jobdb_info/jobpost.asp?job=2603270001938&src=etc*search
16,[콘텐츠 PD] VDOT 유튜브 콘텐츠 PD 경력직(4~7년차) 채용,(주)브이닷,서울 강남구,https://job.incruit.com/jobdb_info/jobpost.asp?job=2603270001883&src=etc*search
17,[제약] BD 과장급 이상,제이앤파트너즈코리아 (주),서울 성동구,https://job.incruit.com/jobdb_info/jobpost.asp?job=2603270000281&src=etc*search
18,스피커블 (AI 스타트업 에듀테크) 마케터/마케팅,스피커블,서울 강동구 외,https://job.incruit.com/jobdb_info/jobpost.asp?job=2602220000127&src=etc*search
19,"[신길역/평일] 흥국화재 서울센터 인바운드 상담사 채용 / 계약관련 문의 및 안내 /신입가능,셔틀운행",(주)비전솔루션,인천 외,https://job.incruit.com/jobdb_info/jobpost.asp?job=2603200003320&src=etc*search
20,[제약바이오] APAC 영업,제이앤파트너즈코리아 (주),경기 성남시 분당구,https://job.incruit.com/jobdb_info/jobpost.asp?job=2603270000322&src=etc*search
21,에스테틱 연구소장 임원급,제이앤파트너즈코리아 (주),서울 송파구,https://job.incruit.com/jobdb_info/jobpost.asp?job=2603170003637&src=etc*search
22,2026년도 (주)지알엔(지무비) 영화 쇼츠 편집 프리랜서 채용공고,(주)지알엔,재택근무 가능,https://job.incruit.com/jobdb_info/jobpost.asp?job=2604020003412&src=etc*search
23,보험설계사 채용합니다.[임원까지 승진 가능],신한라이프생명보험 주식회사,서울 강남구 외,https://job.incruit.com/jobdb_info/jobpost.asp?job=2603120000975&src=etc*search
24,병원 재고관리 및  납품 신입/경력직 모집,(주)한메디칼,경기 성남시 분당구 외,https://job.incruit.com/jobdb_info/jobpost.asp?job=2603250000905&src=etc*search
25,BNK경남은행 PI투자/인수금융부문 신규 채용,BNK경남은행,서울 영등포구,https://job.incruit.com/jobdb_info/jobpost.asp?job=2603270001014&src=etc*search
26,BNK경남은행 사무원(지역별) 채용,BNK경남은행,경남 창원시 마산회원구 외,https://job.incruit.com/jobdb_info/jobpost.asp?job=2603270000957&src=etc*search
27,시청역/SK텔링크 정규직 인바운드 고객상담사 채용,(주)휴비즈솔루션,대전 중구 외,https://job.incruit.com/jobdb_info/jobpost.asp?job=2603260000999&src=etc*search
28,BNK경남은행 그래픽디자이너 채용,BNK경남은행,경남 창원시 마산회원구,https://job.incruit.com/jobdb_info/jobpost.asp?job=2603250003198&src=etc*search
29,대전 선화동/SK인텔릭스  정규직 고객상담사 채용,(주)휴비즈솔루션,서울 중구 외,https://job.incruit.com/jobdb_info/jobpost.asp?job=2603310001792&src=etc*search
30,(재)한국건설연구소 정규직 채용,(재)한국건설연구소,경기 용인시 처인구,https://job.incruit.com/jobdb_info/jobpost.asp?job=2603060002440&src=etc*search
31,[제약사]  AI Transformation(AX) 경력직 채용,제이앤파트너즈코리아 (주),경기 성남시 분당구,https://job.incruit.com/jobdb_info/jobpost.asp?job=2603130001483&src=etc*search
32,"Java 백엔드 개발자 채용, OMS/WMS 물류 시스템 개발",주식회사 아이니네트웍스,서울 구로구,https://job.incruit.com/jobdb_info/jobpost.asp?job=2603260003274&src=etc*search
33,[삼일회계법인] 총무팀(General Affair) 메일룸 인턴 채용,삼일회계법인,서울 용산구,https://job.incruit.com/jobdb_info/jobpost.asp?job=2604020003345&src=etc*search
34,한국정보통신진흥협회 전문계약직(정보보호분야) 채용,(사)한국정보통신진흥협회,서울 강남구,https://job.incruit.com/jobdb_info/jobpost.asp?job=2603300003996&src=etc*search
35,신한금융그룹 자산배치사 공개 채용,신한라이프생명보험 주식회사,부산 외,https://job.incruit.com/jobdb_info/jobpost.asp?job=2603270001798&src=etc*search
36,2026년도 (주)지알엔(지무비) 직원 채용공고,(주)지알엔,서울 성동구 외,https://job.incruit.com/jobdb_info/jobpost.asp?job=2604020002221&src=etc*search
37,[동래구] 국영수/과학 일대일 강사 채용(신입가능),(주)동화세상에듀코,부산 외,https://job.incruit.com/jobdb_info/jobpost.asp?job=2603230000381&src=etc*search
38,[부산] 국영수/과학 일대일 강사 채용(신입가능),(주)동화세상에듀코,부산,https://job.incruit.com/jobdb_info/jobpost.asp?job=2603160000357&src=etc*search
39,[동래구/금정구] 국영수 일대일 강사 채용(신입가능),주식회사 동화세상에듀코,부산 금정구 외,https://job.incruit.com/jobdb_info/jobpost.asp?job=2603030001030&src=etc*search
40,[동래구/연제구] 국영수 일대일 강사 채용,(주)동화세상에듀코,부산 동래구 외,https://job.incruit.com/jobdb_info/jobpost.asp?job=2603090000347&src=etc*search
41,[해운대구/동래구] 국영수 일대일 강사 채용(신입가능),(주)동화세상에듀코,부산 동래구 외,https://job.incruit.com/jobdb_info/jobpost.asp?job=2603310001806&src=etc*search
42,[공기업자회사/세븐럭카지노] 강남/강북사업팀 F&B부문 조리 직무 수시채용,지케이엘위드 주식회사,서울 강남구 외,https://job.incruit.com/jobdb_info/jobpost.asp?job=2603250002062&src=etc*search
43,[공기업자회사/세븐럭카지노] 강남/강북사업팀 F&B부문 식음 직무 수시채용,지케이엘위드 주식회사,서울 강남구 외,https://job.incruit.com/jobdb_info/jobpost.asp?job=2603250002066&src=etc*search
44,[공기업자회사/세븐럭카지노] 부산사업팀 F&B부문 조리 휴직 대체 수시채용,지케이엘위드 주식회사,부산 외,https://job.incruit.com/jobdb_info/jobpost.asp?job=2603250002069&src=etc*search
45,"초,중,고등학교 대상 전문 직업인 멘토링 강사 모집 (투잡 가능)",(주)달꿈,서울 외,https://job.incruit.com/jobdb_info/jobpost.asp?job=2602090001094&src=etc*search
46,[공기업자회사/세븐럭카지노] 강북사업팀 시설관리 직무 수시채용,지케이엘위드 주식회사,서울 용산구,https://job.incruit.com/jobdb_info/jobpost.asp?job=2603040004861&src=etc*search
47,[대기업 주도의 채용연계형] 클라우드 양성과정,에스케이쉴더스,서울 외,https://job.incruit.com/jobdb_info/jobpost.asp?job=2604020002166&src=etc*search
48,[공기업자회사/세븐럭카지노] 강남/강북사업팀 VIP의전 직무 수시채용,지케이엘위드 주식회사,서울 외,https://job.incruit.com/jobdb_info/jobpost.asp?job=2603250002056&src=etc*search
49,화상중국어 강사님을 모십니다.,(주)동화세상에듀코,서울 동대문구 신설동,https://job.incruit.com/jobdb_info/jobpost.asp?job=2603170003697&src=etc*search
50,체외진단의료기기 바이오 생산팀 신입/경력 채용,(주)인바이러스테크,광주 북구,https://job.incruit.com/jobdb_info/jobpost.asp?job=2603270002100&src=etc*search
51,[재택근무] [인천송도] 일대일 국영수사과 수업 형식 방문/화상/학원 강사채용,(주)동화세상에듀코,인천 연수구 외,https://job.incruit.com/jobdb_info/jobpost.asp?job=2603130004067&src=etc*search
52,골프장호텔 정규직모집,(사)한국골프캐디협회,광주 외,https://job.incruit.com/jobdb_info/jobpost.asp?job=2603270003867&src=etc*search
53,KPS파트너스 2026년 제1차 개방형계약직 공개채용 공고(재공고),kps파트너스 (주),경기 수원시 영통구,https://job.incruit.com/jobdb_info/jobpost.asp?job=2604020001903&src=etc*search
54,"[재택-대졸 이상] - 일대일 과목 코칭(국,영,수,사,과, 순수코칭 가능, 코딩가능)",(주)동화세상에듀코,인천 외,https://job.incruit.com/jobdb_info/jobpost.asp?job=2603260000331&src=etc*search
55,삼성생명(주) 서초사옥 컨설팅 위촉직 모집,삼성생명(주) 서초사옥,서울 서초구,https://job.incruit.com/jobdb_info/jobpost.asp?job=2603260000912&src=etc*search
56,2026년 직무중심 대구신용보증재단 일반직원(2급 감사실장) 채용공고,대구신용보증재단,대구 달서구,https://job.incruit.com/jobdb_info/jobpost.asp?job=2603240000962&src=etc*search
57,2026년도 제1회 유네스코국제무예센터 신규직원(계약직) 공개채용 공고,유네스코국제무예센터,충북 충주시,https://job.incruit.com/jobdb_info/jobpost.asp?job=2604010000730&src=etc*search
58,2026년 제2회 직원 공개채용 공고,(재)오산문화재단,경기 오산시,https://job.incruit.com/jobdb_info/jobpost.asp?job=2603300000245&src=etc*search
59,한국수자원조사기술원 2026년 제1차 공개채용(정규직) 공고,한국수자원조사기술원,경기 고양시 일산서구,https://job.incruit.com/jobdb_info/jobpost.asp?job=2603230000969&src=etc*search
60,[공고 제2026-067호] (재)경남테크노파크 직속부서장(정책기획단장) 채용 공고,(재)경남테크노파크,경남 창원시 의창구,https://job.incruit.com/jobdb_info/jobpost.asp?job=2603240000301&src=etc*search
61,관리직 및 현장직(영천경마장) 수시채용공고,한국마사회시설관리(주),경기 안양시 동안구 외,https://job.incruit.com/jobdb_info/jobpost.asp?job=2603130001547&src=etc*search
62,"2026년 1차 직원 채용 공고 (정규직, 전문/일반계약직, 일반계약직(장애인), 청년인턴(체험형) 채용)",한국의약품안전관리원,경기 안양시 동안구,https://job.incruit.com/jobdb_info/jobpost.asp?job=2603200002248&src=etc*search
